20151221 08:10:14,DEBUG,AT_RUNNER,0,
20151221 08:10:14,ERROR,BABY_CRON,0,
20151221 08:10:14,URGENT,COMMANDER,0,
20151221 08:10:14,CRITICAL,CHECKSUM,0,
20151221 08:10:14,URGENT,TEST PROCESS,TESTING, TESTING
,
20151221 08:10:14,DEBUG,CHECKSUM,0,
20151221 08:10:14,NOTICE,AT_RUNNER,0,
20151221 08:10:14,DEBUG,AT_RUNNER,1,
20151221 08:10:14,ERROR,BABY_CRON,1,
20151221 08:10:14,URGENT,COMMANDER,1,
20151221 08:10:14,CRITICAL,CHECKSUM,1,
20151221 08:10:14,URGENT,TEST PROCESS,TESTING, TESTING
,
20151221 08:10:14,DEBUG,CHECKSUM,1,
20151221 08:10:14,NOTICE,AT_RUNNER,1,
20151221 08:10:14,DEBUG,AT_RUNNER,2,
20151221 08:10:14,ERROR,BABY_CRON,2,
20151221 08:10:14,URGENT,COMMANDER,2,
20151221 08:10:14,CRITICAL,CHECKSUM,2,
20151221 08:10:14,URGENT,TEST PROCESS,TESTING, TESTING
,
20151221 08:10:14,DEBUG,CHECKSUM,2,
20151221 08:10:14,NOTICE,AT_RUNNER,2,
20151221 08:10:14,DEBUG,AT_RUNNER,3,
20151221 08:10:14,ERROR,BABY_CRON,3,
20151221 08:10:14,URGENT,COMMANDER,3,
20151221 08:10:14,CRITICAL,CHECKSUM,3,
20151221 08:10:14,URGENT,TEST PROCESS,TESTING, TESTING
,
20151221 08:10:14,DEBUG,CHECKSUM,3,
20151221 08:10:14,NOTICE,AT_RUNNER,3,
20151221 08:10:14,DEBUG,AT_RUNNER,4,
20151221 08:10:14,ERROR,BABY_CRON,4,
20151221 08:10:14,URGENT,COMMANDER,4,
20151221 08:10:14,CRITICAL,CHECKSUM,4,
20151221 08:10:14,URGENT,TEST PROCESS,TESTING, TESTING
,
20151221 08:10:14,DEBUG,CHECKSUM,4,
20151221 08:10:14,NOTICE,AT_RUNNER,4,
20151221 08:10:14,DEBUG,AT_RUNNER,5,
20151221 08:10:14,ERROR,BABY_CRON,5,
20151221 08:10:14,URGENT,COMMANDER,5,
20151221 08:10:14,CRITICAL,CHECKSUM,5,
20151221 08:10:14,URGENT,TEST PROCESS,TESTING, TESTING
,
20151221 08:10:14,DEBUG,CHECKSUM,5,
20151221 08:10:14,NOTICE,AT_RUNNER,5,
20151221 08:10:14,DEBUG,AT_RUNNER,6,
20151221 08:10:14,ERROR,BABY_CRON,6,
20151221 08:10:14,URGENT,COMMANDER,6,
20151221 08:10:14,CRITICAL,CHECKSUM,6,
20151221 08:10:14,URGENT,TEST PROCESS,TESTING, TESTING
,
20151221 08:10:14,DEBUG,CHECKSUM,6,
20151221 08:10:14,NOTICE,AT_RUNNER,6,
20151221 08:10:14,DEBUG,AT_RUNNER,7,
20151221 08:10:14,ERROR,BABY_CRON,7,
20151221 08:10:14,URGENT,COMMANDER,7,
20151221 08:10:14,CRITICAL,CHECKSUM,7,
20151221 08:10:14,URGENT,TEST PROCESS,TESTING, TESTING
,
20151221 08:10:14,DEBUG,CHECKSUM,7,
20151221 08:10:14,NOTICE,AT_RUNNER,7,
20151221 08:10:14,DEBUG,AT_RUNNER,8,
20151221 08:10:14,ERROR,BABY_CRON,8,
20151221 08:10:14,URGENT,COMMANDER,8,
20151221 08:10:14,CRITICAL,CHECKSUM,8,
20151221 08:10:14,URGENT,TEST PROCESS,TESTING, TESTING
,
20151221 08:10:14,DEBUG,CHECKSUM,8,
20151221 08:10:14,NOTICE,AT_RUNNER,8,
20151221 08:10:14,DEBUG,AT_RUNNER,9,
20151221 08:10:14,ERROR,BABY_CRON,9,
20151221 08:10:14,URGENT,COMMANDER,9,
20151221 08:10:14,CRITICAL,CHECKSUM,9,
20151221 08:10:14,URGENT,TEST PROCESS,TESTING, TESTING
,
20151221 08:10:14,DEBUG,CHECKSUM,9,
20151221 08:10:14,NOTICE,AT_RUNNER,9,
